use hospital;

CREATE TABLE employee (
    id CHAR(8) PRIMARY KEY,
    name VARCHAR(100) NOT NULL,
    city VARCHAR(50),
    gender ENUM('M', 'F', 'O') NOT NULL, 
    DOB DATE NOT NULL, 
    marital_status ENUM('Single', 'Married', 'Divorced', 'Widowed') DEFAULT 'Single',
    basicSalary DECIMAL(10, 2) NOT NULL CHECK (basicSalary > 5000), 
    blood_group ENUM('A+', 'A-', 'B+', 'B-', 'O+', 'O-', 'AB+', 'AB-') NOT NULL,
    joining_date DATE NOT NULL,
    CHECK (joining_date >= DOB)
);


INSERT INTO employee (id, name, city, gender, DOB, marital_status, basicSalary, blood_group, joining_date)
VALUES
('E0000001', 'John Doe', 'Dhaka', 'M', '1985-05-15', 'Married', 12000.00, 'A+', '2010-06-01'),
('E0000002', 'Jane Smith', 'Chittagong', 'F', '1990-03-22', 'Single', 15000.00, 'B-', '2015-08-15'),
('E0000003', 'Alex Lee', 'Sylhet', 'O', '1992-11-08', 'Divorced', 20000.00, 'O+', '2018-02-12'),
('E0000004', 'Sophia Brown', 'Dhaka', 'F', '1988-07-12', 'Married', 18000.00, 'AB-', '2012-01-20'),
('E0000005', 'Chris Green', 'Barisal', 'M', '1995-09-05', 'Single', 11000.00, 'B+', '2020-03-01'),
('E0000006', 'Olivia Black', 'Khulna', 'F', '1980-03-14', 'Widowed', 25000.00, 'A-', '2005-07-10'),
('E0000007', 'Noah White', 'Dhaka', 'M', '1987-11-03', 'Single', 14000.00, 'O-', '2013-05-25'),
('E0000008', 'Mia Davis', 'Chittagong', 'F', '1993-02-17', 'Married', 16000.00, 'AB+', '2017-09-10'),
('E0000009', 'Liam Carter', 'Sylhet', 'M', '1975-12-24', 'Married', 22000.00, 'A+', '2000-04-05'),
('E0000010', 'Emily Brown', 'Barisal', 'F', '1989-01-28', 'Divorced', 17000.00, 'B-', '2014-10-18'),
('E0000011', 'William Scott', 'Khulna', 'M', '1991-04-20', 'Single', 12500.00, 'O+', '2016-11-01'),
('E0000012', 'Ella Johnson', 'Dhaka', 'F', '1982-06-09', 'Married', 24000.00, 'A-', '2008-02-15'),
('E0000013', 'Benjamin Hill', 'Chittagong', 'M', '1978-08-13', 'Single', 13000.00, 'B+', '2003-06-25'),
('E0000014', 'Ava Moore', 'Sylhet', 'F', '1983-10-21', 'Widowed', 19500.00, 'AB-', '2009-08-30'),
('E0000015', 'James Taylor', 'Barisal', 'M', '1986-09-15', 'Divorced', 18500.00, 'A+', '2011-12-05'),
('E0000016', 'Isabella Wilson', 'Khulna', 'F', '1994-07-19', 'Single', 14500.00, 'B-', '2019-06-12'),
('E0000017', 'Henry Harris', 'Dhaka', 'M', '1984-05-25', 'Married', 17500.00, 'O-', '2010-09-01'),
('E0000018', 'Charlotte Clark', 'Chittagong', 'F', '1981-03-02', 'Married', 15500.00, 'A+', '2006-10-10'),
('E0000019', 'Lucas Walker', 'Sylhet', 'M', '1990-08-11', 'Single', 16000.00, 'B+', '2015-05-20'),
('E0000020', 'Harper Adams', 'Barisal', 'F', '1985-12-07', 'Widowed', 20000.00, 'AB+', '2012-03-15'),
('E0000021', 'Mason Cooper', 'Khulna', 'M', '1992-11-06', 'Divorced', 12000.00, 'O-', '2018-02-25'),
('E0000022', 'Amelia Edwards', 'Dhaka', 'F', '1979-04-29', 'Married', 21000.00, 'A-', '2004-01-18'),
('E0000023', 'Ethan Turner', 'Chittagong', 'M', '1988-07-30', 'Single', 13500.00, 'B-', '2013-07-25'),
('E0000024', 'Abigail Murphy', 'Sylhet', 'F', '1991-09-20', 'Married', 17000.00, 'O+', '2016-11-07'),
('E0000025', 'Daniel Martin', 'Barisal', 'M', '1980-12-15', 'Single', 19000.00, 'AB-', '2005-09-30');



CREATE TABLE building (
    name VARCHAR(100) PRIMARY KEY, 
    no_of_floot INT NOT NULL CHECK (no_of_floot > 0), 
    no_of_room INT NOT NULL CHECK (no_of_room > 0)
);

INSERT INTO building (name, no_of_floot, no_of_room)
VALUES
('Building A', 5, 50),
('Building B', 10, 100),
('Building C', 3, 30),
('Building D', 7, 70),
('Building E', 15, 150);

CREATE TABLE department (
    dept_id INT PRIMARY KEY AUTO_INCREMENT, 
    name VARCHAR(100) NOT NULL,
    building_name VARCHAR(100),
    FOREIGN KEY (building_name) REFERENCES building(name) ON DELETE CASCADE ON UPDATE CASCADE
);

INSERT INTO department (name, building_name)
VALUES
('Oncology', 'Building A'),
('Neurology', 'Building B'),
('Cardiology', 'Building C'),
('Pediatrics', 'Building D'),
('Orthopedics', 'Building E'),
('Gastroenterology', 'Building A'),
('Dermatology', 'Building B'),
('Radiology', 'Building C'),
('Psychiatry', 'Building D'),
('Nephrology', 'Building E'),
('Emergency Medicine', 'Building A'),
('Surgery', 'Building B'),
('Anesthesiology', 'Building C'),
('Endocrinology', 'Building D'),
('Urology', 'Building E');

select count(emp_id), dept_id from doctor group by dept_id;

CREATE TABLE doctor (
    emp_id CHAR(8) PRIMARY KEY, 
    specialization VARCHAR(100) NOT NULL, 
    dept_id INT , 
    FOREIGN KEY (emp_id) REFERENCES employee(id) ON DELETE CASCADE ON UPDATE CASCADE,
    FOREIGN KEY (dept_id) REFERENCES department(dept_id) ON DELETE SET NULL ON UPDATE CASCADE
);

INSERT INTO doctor (emp_id, specialization, dept_id)
VALUES
('E0000001', 'Oncology', 1),
('E0000002', 'Neurology', 2),
('E0000003', 'Cardiology', 3),
('E0000004', 'Pediatrics', 4),
('E0000005', 'Orthopedics', 5),
('E0000006', 'Gastroenterology', 1), 
('E0000007', 'Dermatology', 5),      
('E0000008', 'Radiology', 6),
('E0000009', 'Psychiatry', 7),
('E0000010', 'Nephrology', 3),     
('E0000011', 'Emergency Medicine', 8),
('E0000012', 'Surgery', 4),      
('E0000013', 'Anesthesiology', 9),
('E0000014', 'Endocrinology', 2),  
('E0000015', 'Urology', 10);

CREATE TABLE nurse (
    emp_id CHAR(8) PRIMARY KEY, 
    dept_id INT,
    FOREIGN KEY (emp_id) REFERENCES employee(id) ON DELETE CASCADE ON UPDATE CASCADE,
    FOREIGN KEY (dept_id) REFERENCES department(dept_id) ON DELETE SET NULL ON UPDATE CASCADE
);

INSERT INTO nurse (emp_id, dept_id)
VALUES
('E0000016', 1),
('E0000017', 2),
('E0000018', 3),
('E0000019', 4),
('E0000020', 5),
('E0000021', 6),
('E0000022', 7),
('E0000023', 8),
('E0000024', 9),
('E0000025', 10);



CREATE TABLE patient (
    id CHAR(8) PRIMARY KEY,
    name VARCHAR(100) NOT NULL,
    city VARCHAR(50),
    gender ENUM('M', 'F', 'O') NOT NULL, 
    DOB DATE NOT NULL, 
    marital_status ENUM('Single', 'Married', 'Divorced', 'Widowed') DEFAULT 'Single',
    weight DECIMAL(5, 2) CHECK (weight > 0), 
    phone_no CHAR(11) UNIQUE, 
    disease VARCHAR(100) NOT NULL 
);

INSERT INTO patient (id, name, city, gender, DOB, marital_status, weight, phone_no, disease)
VALUES
('P0000001', 'Adam Johnson', 'Dhaka', 'M', '1985-04-15', 'Married', 72.50, '01712345601', 'Diabetes'),
('P0000002', 'Sophia Williams', 'Chittagong', 'F', '1992-03-22', 'Single', 58.70, '01812345602', 'Hypertension'),
('P0000003', 'Emily Brown', 'Sylhet', 'F', '1988-07-12', 'Divorced', 60.00, '01912345603', 'Migraine'),
('P0000004', 'Liam Smith', 'Barisal', 'M', '1990-05-09', 'Single', 80.20, '01612345604', 'Asthma'),
('P0000005', 'Olivia Davis', 'Khulna', 'F', '1995-01-19', 'Married', 65.30, '01512345605', 'Arthritis'),
('P0000006', 'Noah Taylor', 'Dhaka', 'M', '1987-09-17', 'Married', 75.40, '01412345606', 'Heart Disease'),
('P0000007', 'Mia Clark', 'Chittagong', 'F', '1993-11-08', 'Widowed', 62.00, '01712345607', 'Kidney Disease'),
('P0000008', 'Ethan Martinez', 'Sylhet', 'M', '1982-06-20', 'Married', 78.50, '01812345608', 'Pneumonia'),
('P0000009', 'Charlotte Miller', 'Barisal', 'F', '1990-12-12', 'Single', 59.00, '01912345609', 'Anemia'),
('P0000010', 'Daniel Wilson', 'Khulna', 'M', '1991-08-24', 'Single', 82.30, '01612345610', 'Flu'),
('P0000011', 'Ava Moore', 'Dhaka', 'F', '1997-04-02', 'Married', 61.10, '01512345611', 'Tuberculosis'),
('P0000012', 'James White', 'Chittagong', 'M', '1986-02-13', 'Divorced', 77.00, '01412345612', 'Lung Disease'),
('P0000013', 'Harper Harris', 'Sylhet', 'F', '1983-10-05', 'Widowed', 60.20, '01712345613', 'Liver Disease'),
('P0000014', 'Benjamin Lewis', 'Barisal', 'M', '1988-07-14', 'Married', 81.50, '01812345614', 'Bronchitis'),
('P0000015', 'Ella Hill', 'Khulna', 'F', '1994-03-22', 'Single', 58.60, '01912345615', 'Epilepsy'),
('P0000016', 'Lucas Scott', 'Dhaka', 'M', '1985-11-09', 'Married', 76.80, '01612345616', 'Back Pain'),
('P0000017', 'Amelia Adams', 'Chittagong', 'F', '1992-05-25', 'Single', 64.40, '01512345617', 'Dengue Fever'),
('P0000018', 'Henry Martin', 'Sylhet', 'M', '1991-01-12', 'Single', 84.50, '01412345618', 'Malaria'),
('P0000019', 'Isabella Thompson', 'Barisal', 'F', '1989-09-30', 'Divorced', 63.20, '01712345619', 'Typhoid'),
('P0000020', 'Jack Walker', 'Khulna', 'M', '1987-07-06', 'Widowed', 79.00, '01812345620', 'Hypertension'),
('P0000021', 'Abigail Robinson', 'Dhaka', 'F', '1996-02-11', 'Married', 60.30, '01912345621', 'Diabetes'),
('P0000022', 'David Carter', 'Chittagong', 'M', '1980-03-17', 'Single', 82.00, '01612345622', 'Heart Disease'),
('P0000023', 'Grace Evans', 'Sylhet', 'F', '1984-08-19', 'Single', 62.40, '01512345623', 'Asthma'),
('P0000024', 'Samuel Ramirez', 'Barisal', 'M', '1982-12-25', 'Married', 85.10, '01412345624', 'Bronchitis'),
('P0000025', 'Chloe Cooper', 'Khulna', 'F', '1993-09-03', 'Widowed', 59.90, '01712345625', 'Tuberculosis'),
('P0000026', 'Matthew Rivera', 'Dhaka', 'M', '1990-10-12', 'Single', 74.30, '01812345626', 'Pneumonia'),
('P0000027', 'Victoria Lopez', 'Chittagong', 'F', '1995-01-25', 'Married', 65.10, '01912345627', 'Liver Disease'),
('P0000028', 'Andrew Brown', 'Sylhet', 'M', '1987-02-15', 'Single', 80.50, '01612345628', 'Kidney Disease'),
('P0000029', 'Lily Young', 'Barisal', 'F', '1992-04-17', 'Single', 58.40, '01512345629', 'Anemia'),
('P0000030', 'Christopher Allen', 'Khulna', 'M', '1983-11-30', 'Divorced', 84.90, '01412345630', 'Flu'),
('P0000031', 'Madison King', 'Dhaka', 'F', '1998-03-10', 'Married', 60.20, '01712345631', 'Epilepsy'),
('P0000032', 'Oliver Wright', 'Chittagong', 'M', '1986-05-22', 'Widowed', 79.50, '01812345632', 'Lung Disease'),
('P0000033', 'Hannah Green', 'Sylhet', 'F', '1985-07-27', 'Single', 62.50, '01912345633', 'Typhoid'),
('P0000034', 'Elijah Baker', 'Barisal', 'M', '1990-08-20', 'Married', 76.00, '01612345634', 'Dengue Fever'),
('P0000035', 'Avery Nelson', 'Khulna', 'F', '1993-06-18', 'Divorced', 61.40, '01512345635', 'Arthritis'),
('P0000036', 'Evelyn Ramirez', 'Dhaka', 'F', '1997-12-29', 'Single', 59.00, '01412345636', 'Back Pain'),
('P0000037', 'Michael Gonzalez', 'Chittagong', 'M', '1984-01-18', 'Married', 80.20, '01712345637', 'Hypertension'),
('P0000038', 'Scarlett Scott', 'Sylhet', 'F', '1992-09-11', 'Single', 63.50, '01812345638', 'Tuberculosis'),
('P0000039', 'Alexander Ross', 'Barisal', 'M', '1988-11-03', 'Widowed', 78.70, '01912345639', 'Diabetes'),
('P0000040', 'Zoe Mitchell', 'Khulna', 'F', '1991-03-21', 'Single', 60.10, '01612345640', 'Asthma'),
('P0000041', 'Logan Peterson', 'Dhaka', 'M', '1985-05-27', 'Married', 82.80, '01512345641', 'Heart Disease'),
('P0000042', 'Lucy Rogers', 'Chittagong', 'F', '1994-10-09', 'Divorced', 59.80, '01412345642', 'Pneumonia'),
('P0000043', 'Sebastian Collins', 'Sylhet', 'M', '1993-08-13', 'Married', 84.30, '01712345643', 'Kidney Disease'),
('P0000044', 'Layla Sanders', 'Barisal', 'F', '1989-07-22', 'Single', 61.90, '01812345644', 'Anemia'),
('P0000045', 'Mason Perry', 'Khulna', 'M', '1996-06-11', 'Widowed', 77.40, '01912345645', 'Bronchitis'),
('P0000046', 'Addison Price', 'Dhaka', 'F', '1990-02-07', 'Married', 59.50, '01612345646', 'Liver Disease'),
('P0000047', 'William Bennett', 'Chittagong', 'M', '1988-04-19', 'Single', 83.00, '01512345647', 'Flu'),
('P0000048', 'Bella Stewart', 'Sylhet', 'F', '1982-01-13', 'Divorced', 60.60, '01412345648', 'Epilepsy'),
('P0000049', 'Caleb Ward', 'Barisal', 'M', '1987-03-25', 'Single', 81.10, '01712345649', 'Typhoid'),
('P0000050', 'Aurora Powell', 'Khulna', 'F', '1995-12-01', 'Married', 62.30, '01812345650', 'Arthritis');

CREATE TABLE appointment (
    app_id CHAR(5) PRIMARY KEY, 
    doc_id CHAR(8) NOT NULL,
    p_id CHAR(8) NOT NULL, 
    app_date DATE NOT NULL,
    app_time TIME NOT NULL,
    FOREIGN KEY (doc_id) REFERENCES doctor(emp_id) ON DELETE CASCADE ON UPDATE CASCADE,
    FOREIGN KEY (p_id) REFERENCES patient(id) ON DELETE CASCADE ON UPDATE CASCADE
);

INSERT INTO appointment (app_id, doc_id, p_id, app_date, app_time)
VALUES
('A0001', 'E0000001', 'P0000001', '2025-01-01', '09:00:00'),
('A0002', 'E0000002', 'P0000002', '2025-01-02', '10:00:00'),
('A0003', 'E0000003', 'P0000003', '2025-01-03', '11:00:00'),
('A0004', 'E0000004', 'P0000004', '2025-01-04', '12:30:00'),
('A0005', 'E0000005', 'P0000005', '2025-01-05', '14:00:00'),
('A0006', 'E0000006', 'P0000006', '2025-01-06', '15:30:00'),
('A0007', 'E0000007', 'P0000007', '2025-01-07', '16:00:00'),
('A0008', 'E0000008', 'P0000008', '2025-01-08', '09:30:00'),
('A0009', 'E0000009', 'P0000009', '2025-01-09', '10:30:00'),
('A0010', 'E0000010', 'P0000010', '2025-01-10', '11:15:00'),
('A0011', 'E0000011', 'P0000011', '2025-01-11', '14:45:00'),
('A0012', 'E0000012', 'P0000012', '2025-01-12', '13:30:00'),
('A0013', 'E0000013', 'P0000013', '2025-01-13', '10:15:00'),
('A0014', 'E0000014', 'P0000014', '2025-01-14', '09:45:00'),
('A0015', 'E0000015', 'P0000015', '2025-01-15', '12:00:00'),
('A0016', 'E0000001', 'P0000016', '2025-01-16', '14:00:00'),
('A0017', 'E0000002', 'P0000017', '2025-01-17', '15:00:00'),
('A0018', 'E0000003', 'P0000018', '2025-01-18', '16:30:00'),
('A0019', 'E0000004', 'P0000019', '2025-01-19', '09:00:00'),
('A0020', 'E0000005', 'P0000020', '2025-01-20', '10:00:00'),
('A0021', 'E0000006', 'P0000021', '2025-01-21', '11:00:00'),
('A0022', 'E0000007', 'P0000022', '2025-01-22', '12:30:00'),
('A0023', 'E0000008', 'P0000023', '2025-01-23', '14:00:00'),
('A0024', 'E0000009', 'P0000024', '2025-01-24', '15:30:00'),
('A0025', 'E0000010', 'P0000025', '2025-01-25', '16:00:00'),
('A0026', 'E0000011', 'P0000026', '2025-01-26', '09:30:00'),
('A0027', 'E0000012', 'P0000027', '2025-01-27', '10:30:00'),
('A0028', 'E0000013', 'P0000028', '2025-01-28', '11:15:00'),
('A0029', 'E0000014', 'P0000029', '2025-01-29', '14:45:00'),
('A0030', 'E0000015', 'P0000030', '2025-01-30', '13:30:00'),
('A0031', 'E0000001', 'P0000031', '2025-01-31', '10:15:00'),
('A0032', 'E0000002', 'P0000032', '2025-02-01', '09:45:00'),
('A0033', 'E0000003', 'P0000033', '2025-02-02', '12:00:00'),
('A0034', 'E0000004', 'P0000034', '2025-02-03', '14:00:00'),
('A0035', 'E0000005', 'P0000035', '2025-02-04', '15:00:00'),
('A0036', 'E0000006', 'P0000036', '2025-02-05', '16:30:00'),
('A0037', 'E0000007', 'P0000037', '2025-02-06', '09:00:00'),
('A0038', 'E0000008', 'P0000038', '2025-02-07', '10:00:00'),
('A0039', 'E0000009', 'P0000039', '2025-02-08', '11:00:00'),
('A0040', 'E0000010', 'P0000040', '2025-02-09', '12:30:00'),
('A0041', 'E0000011', 'P0000041', '2025-02-10', '14:00:00'),
('A0042', 'E0000012', 'P0000042', '2025-02-11', '15:00:00'),
('A0043', 'E0000013', 'P0000043', '2025-02-12', '16:30:00'),
('A0044', 'E0000014', 'P0000044', '2025-02-13', '09:00:00'),
('A0045', 'E0000015', 'P0000045', '2025-02-14', '10:00:00'),
('A0046', 'E0000001', 'P0000046', '2025-02-15', '11:00:00'),
('A0047', 'E0000002', 'P0000047', '2025-02-16', '12:30:00'),
('A0048', 'E0000003', 'P0000048', '2025-02-17', '14:00:00'),
('A0049', 'E0000004', 'P0000049', '2025-02-18', '15:30:00'),
('A0050', 'E0000005', 'P0000050', '2025-02-19', '16:00:00');



CREATE TABLE prescription (
    app_id CHAR(5) PRIMARY KEY,
    disease_type VARCHAR(100) NOT NULL,
    FOREIGN KEY (app_id) REFERENCES appointment(app_id) ON DELETE CASCADE ON UPDATE CASCADE
);

INSERT INTO prescription (app_id, disease_type)
VALUES
('A0001', 'Diabetes'),
('A0002', 'Hypertension'),
('A0003', 'Asthma'),
('A0004', 'Flu'),
('A0005', 'Migraine'),
('A0006', 'Arthritis'),
('A0007', 'Bronchitis'),
('A0008', 'Heart Disease'),
('A0009', 'Anemia'),
('A0010', 'Allergies'),
('A0011', 'Gastritis'),
('A0012', 'Kidney Stones'),
('A0013', 'Liver Cirrhosis'),
('A0014', 'Skin Rash'),
('A0015', 'Chronic Back Pain'),
('A0016', 'Pneumonia'),
('A0017', 'Obesity'),
('A0018', 'Epilepsy'),
('A0019', 'Depression'),
('A0020', 'Thyroid Disorder'),
('A0021', 'Osteoporosis'),
('A0022', 'Vertigo'),
('A0023', 'Insomnia'),
('A0024', 'Parkinson’s Disease'),
('A0025', 'Glaucoma'),
('A0026', 'Urinary Tract Infection'),
('A0027', 'Tuberculosis'),
('A0028', 'Chronic Fatigue Syndrome'),
('A0029', 'Dementia'),
('A0030', 'Malaria'),
('A0031', 'Chickenpox'),
('A0032', 'Hepatitis B'),
('A0033', 'Sinusitis'),
('A0034', 'Prostate Enlargement'),
('A0035', 'High Cholesterol'),
('A0036', 'Stroke'),
('A0037', 'Cervical Pain'),
('A0038', 'Eczema'),
('A0039', 'Gout'),
('A0040', 'Cataracts'),
('A0041', 'Ulcers'),
('A0042', 'Meningitis'),
('A0043', 'Food Poisoning'),
('A0044', 'Hypoglycemia'),
('A0045', 'Varicose Veins'),
('A0046', 'Sciatica'),
('A0047', 'Acne'),
('A0048', 'Hernia'),
('A0049', 'Lung Cancer'),
('A0050', 'COVID-19');

CREATE TABLE medicine (
    medicine_id INT PRIMARY KEY AUTO_INCREMENT,
    disease_type VARCHAR(100) NOT NULL,
    name VARCHAR(50)
);

INSERT INTO medicine (disease_type, name)
VALUES
('Diabetes', 'Metformin'),
('Hypertension', 'Lisinopril'),
('Asthma', 'Albuterol'),
('Flu', 'Oseltamivir'),
('Migraine', 'Sumatriptan'),
('Arthritis', 'Ibuprofen'),
('Bronchitis', 'Azithromycin'),
('Heart Disease', 'Aspirin'),
('Anemia', 'Iron Supplement'),
('Allergies', 'Diphenhydramine'),
('Gastritis', 'Omeprazole'),
('Kidney Stones', 'Allopurinol'),
('Liver Cirrhosis', 'Lactulose'),
('Skin Rash', 'Hydrocortisone'),
('Chronic Back Pain', 'Acetaminophen'),
('Pneumonia', 'Ceftriaxone'),
('Obesity', 'Orlistat'),
('Epilepsy', 'Phenytoin'),
('Depression', 'Fluoxetine'),
('Thyroid Disorder', 'Levothyroxine'),
('Osteoporosis', 'Alendronate'),
('Vertigo', 'Meclizine'),
('Insomnia', 'Melatonin'),
('Parkinson’s Disease', 'Levodopa'),
('Glaucoma', 'Timolol'),
('Urinary Tract Infection', 'Nitrofurantoin'),
('Tuberculosis', 'Isoniazid'),
('Chronic Fatigue Syndrome', 'Modafinil'),
('Dementia', 'Donepezil'),
('Malaria', 'Chloroquine'),
('Chickenpox', 'Acyclovir'),
('Hepatitis B', 'Tenofovir'),
('Sinusitis', 'Amoxicillin'),
('Prostate Enlargement', 'Tamsulosin'),
('High Cholesterol', 'Atorvastatin'),
('Stroke', 'Aspirin'),
('Cervical Pain', 'Meloxicam'),
('Eczema', 'Topical Steroid Cream'),
('Gout', 'Colchicine'),
('Cataracts', 'Cataract Surgery'),
('Ulcers', 'Ranitidine'),
('Meningitis', 'Ceftriaxone'),
('Food Poisoning', 'Ciprofloxacin'),
('Hypoglycemia', 'Glucagon'),
('Varicose Veins', 'Compression Stockings'),
('Sciatica', 'Gabapentin'),
('Acne', 'Benzoyl Peroxide'),
('Hernia', 'Surgical Repair'),
('Lung Cancer', 'Cisplatin'),
('COVID-19', 'Remdesivir'),
('Diabetes', 'Glipizide'),
('Hypertension', 'Hydrochlorothiazide'),
('Asthma', 'Prednisone'),
('Flu', 'Zanamivir'),
('Migraine', 'Rizatriptan'),
('Arthritis', 'Methotrexate'),
('Bronchitis', 'Doxycycline'),
('Heart Disease', 'Clopidogrel'),
('Anemia', 'Folic Acid'),
('Allergies', 'Loratadine'),
('Gastritis', 'Ranitidine'),
('Kidney Stones', 'Furosemide'),
('Liver Cirrhosis', 'Spironolactone'),
('Skin Rash', 'Betamethasone'),
('Chronic Back Pain', 'Naproxen'),
('Pneumonia', 'Levofloxacin'),
('Obesity', 'Phentermine'),
('Epilepsy', 'Carbamazepine'),
('Depression', 'Sertraline'),
('Thyroid Disorder', 'Propylthiouracil'),
('Osteoporosis', 'Risedronate'),
('Vertigo', 'Diazepam');


CREATE TABLE test(
	test_id INT PRIMARY KEY AUTO_INCREMENT,
    disease_type VARCHAR(100) NOT NULL,
    name VARCHAR(50)
);

INSERT INTO test (disease_type, name)
VALUES
('Diabetes', 'Fasting Blood Sugar'),
('Hypertension', 'Blood Pressure Measurement'),
('Asthma', 'Spirometry'),
('Flu', 'Rapid Antigen Test'),
('Migraine', 'CT Scan'),
('Arthritis', 'X-Ray'),
('Bronchitis', 'Chest X-Ray'),
('Heart Disease', 'ECG'),
('Anemia', 'Complete Blood Count'),
('Allergies', 'Skin Prick Test'),
('Gastritis', 'Endoscopy'),
('Kidney Stones', 'CT Urogram'),
('Liver Cirrhosis', 'Liver Function Test'),
('Skin Rash', 'Skin Biopsy'),
('Chronic Back Pain', 'MRI Scan');

CREATE TABLE suggested_medicine (
    app_id CHAR(5) NOT NULL, 
    medicine_id INT NOT NULL, 
    PRIMARY KEY (app_id, medicine_id), 
    FOREIGN KEY (app_id) REFERENCES prescription(app_id) ON DELETE CASCADE ON UPDATE CASCADE,
    FOREIGN KEY (medicine_id) REFERENCES medicine(medicine_id) ON DELETE CASCADE ON UPDATE CASCADE
);

INSERT INTO suggested_medicine (app_id, medicine_id)
VALUES
('A0001', 1),
('A0001', 5),
('A0002', 3),
('A0002', 8),
('A0003', 10),
('A0003', 12),
('A0004', 7),
('A0004', 14),
('A0005', 15),
('A0005', 18),
('A0006', 19),
('A0006', 22),
('A0007', 23),
('A0007', 25),
('A0008', 27),
('A0008', 30),
('A0009', 32),
('A0009', 34),
('A0010', 35),
('A0010', 38),
('A0011', 40),
('A0011', 41),
('A0012', 43),
('A0012', 45),
('A0013', 47),
('A0013', 50),
('A0014', 2),
('A0014', 6),
('A0015', 9),
('A0015', 13),
('A0016', 16),
('A0016', 20),
('A0017', 21),
('A0017', 24),
('A0018', 26),
('A0018', 28),
('A0019', 29),
('A0019', 31),
('A0020', 33),
('A0020', 36),
('A0021', 37),
('A0021', 39),
('A0022', 42),
('A0022', 44),
('A0023', 46),
('A0023', 48),
('A0024', 49),
('A0024', 4),
('A0025', 11),
('A0025', 17);

CREATE TABLE suggested_test (
    app_id CHAR(5) NOT NULL, 
    test_id INT NOT NULL,
    PRIMARY KEY (app_id, test_id),
    FOREIGN KEY (app_id) REFERENCES prescription(app_id) ON DELETE CASCADE ON UPDATE CASCADE,
    FOREIGN KEY (test_id) REFERENCES test(test_id) ON DELETE CASCADE ON UPDATE CASCADE
);

INSERT INTO suggested_test (app_id, test_id)
VALUES
('A0001', 1),
('A0001', 3),
('A0002', 2),
('A0002', 5),
('A0003', 4),
('A0003', 7),
('A0004', 6),
('A0004', 8),
('A0005', 9),
('A0005', 10),
('A0006', 11),
('A0006', 12),
('A0007', 13),
('A0007', 14),
('A0008', 15),
('A0008', 1),
('A0009', 2),
('A0009', 3),
('A0010', 4),
('A0010', 5),
('A0011', 6),
('A0011', 7),
('A0012', 8),
('A0012', 9),
('A0013', 10),
('A0013', 11),
('A0014', 12),
('A0014', 13),
('A0015', 14),
('A0015', 15),
('A0016', 1),
('A0016', 2),
('A0017', 3),
('A0017', 4),
('A0018', 5),
('A0018', 6),
('A0019', 7),
('A0019', 8),
('A0020', 9),
('A0020', 10);

CREATE TABLE room (
    room_no INT NOT NULL, 
    building_name VARCHAR(100) NOT NULL, 
    type ENUM('General', 'ICU', 'Emergency', 'Private') NOT NULL,
    status ENUM('Available', 'Occupied', 'Maintenance') NOT NULL,
    PRIMARY KEY (room_no, building_name),
    FOREIGN KEY (building_name) REFERENCES building(name) ON DELETE CASCADE ON UPDATE CASCADE
);


INSERT INTO room (room_no, building_name, type, status)
VALUES
(203, 'Building C', 'General', 'Available'),
(105, 'Building A', 'Private', 'Occupied'),
(301, 'Building D', 'ICU', 'Maintenance'),
(502, 'Building E', 'Emergency', 'Available'),
(401, 'Building B', 'General', 'Occupied'),
(103, 'Building A', 'ICU', 'Available'),
(206, 'Building C', 'Emergency', 'Occupied'),
(505, 'Building E', 'Private', 'Maintenance'),
(104, 'Building A', 'Emergency', 'Occupied'),
(402, 'Building D', 'Private', 'Available'),
(302, 'Building B', 'Emergency', 'Maintenance'),
(201, 'Building C', 'ICU', 'Available'),
(101, 'Building A', 'General', 'Occupied'),
(504, 'Building E', 'ICU', 'Available'),
(204, 'Building B', 'Private', 'Occupied'),
(403, 'Building D', 'Emergency', 'Maintenance'),
(303, 'Building C', 'General', 'Available'),
(106, 'Building A', 'Private', 'Occupied'),
(202, 'Building B', 'ICU', 'Maintenance'),
(506, 'Building E', 'General', 'Available'),
(304, 'Building C', 'Emergency', 'Occupied'),
(405, 'Building D', 'ICU', 'Available'),
(203, 'Building A', 'General', 'Occupied'),
(102, 'Building B', 'Private', 'Available'),
(503, 'Building E', 'General', 'Maintenance'),
(305, 'Building C', 'ICU', 'Available'),
(401, 'Building A', 'Private', 'Occupied'),
(205, 'Building B', 'General', 'Available'),
(104, 'Building C', 'Emergency', 'Maintenance'),
(502, 'Building D', 'ICU', 'Available');

CREATE TABLE admitted_patient (
    p_id CHAR(8) NOT NULL,
    room_no INT NOT NULL,
    building_name VARCHAR(100) NOT NULL,
    date_of_add DATE NOT NULL,
    date_of_dis DATE,
    PRIMARY KEY (p_id, room_no, building_name),
    FOREIGN KEY (p_id) REFERENCES patient(id) ON DELETE CASCADE ON UPDATE CASCADE,
    FOREIGN KEY (room_no, building_name) REFERENCES room(room_no, building_name) ON DELETE CASCADE ON UPDATE CASCADE
);

INSERT INTO admitted_patient (p_id, room_no, building_name, date_of_add, date_of_dis)
VALUES
('P0000001', 105, 'Building A', '2025-01-01', '2025-01-10'),
('P0000009', 101, 'Building A', '2025-01-05', '2025-01-12'),
('P0000004', 104, 'Building A', '2025-01-07', '2025-01-15'),
('P0000007', 206, 'Building C', '2025-01-10', NULL),
('P0000013', 106, 'Building A', '2025-01-11', NULL),
('P0000020', 401, 'Building B', '2025-01-03', '2025-01-09'),
('P0000019', 204, 'Building B', '2025-01-08', NULL),
('P0000018', 304, 'Building C', '2025-01-02', '2025-01-10'),
('P0000017', 103, 'Building A', '2025-01-06', NULL),
('P0000023', 204, 'Building B', '2025-01-09', '2025-01-14');

CREATE TABLE bill (
    bill_id INT PRIMARY KEY AUTO_INCREMENT,
    p_id CHAR(8) NOT NULL,
    doc_charge DECIMAL(10, 2) DEFAULT 0.00,
    medicine_charge DECIMAL(10, 2) DEFAULT 0.00,
    test_charge DECIMAL(10, 2) DEFAULT 0.00,
    operation_charge DECIMAL(10, 2) DEFAULT 0.00,
    nursing_charge DECIMAL(10, 2) DEFAULT 0.00,
    FOREIGN KEY (p_id) REFERENCES patient(id) ON DELETE CASCADE ON UPDATE CASCADE
);

INSERT INTO bill (p_id, doc_charge, medicine_charge, test_charge, operation_charge, nursing_charge)
VALUES
('P0000001', 100.00, 20.50, 30.00, 150.00, 25.00),
('P0000002', 120.00, 25.00, 35.00, 200.00, 30.00),
('P0000003', 90.00, 18.00, 28.00, 0.00, 22.00),
('P0000004', 110.00, 22.00, 32.00, 50.00, 24.00),
('P0000005', 95.00, 19.00, 30.00, 100.00, 23.00),
('P0000006', 150.00, 30.00, 40.00, 250.00, 35.00),
('P0000007', 140.00, 28.00, 45.00, 300.00, 40.00),
('P0000008', 85.00, 17.00, 25.00, 70.00, 20.00),
('P0000009', 105.00, 21.00, 33.00, 0.00, 26.00),
('P0000010', 125.00, 26.00, 38.00, 150.00, 28.00),
('P0000011', 115.00, 23.00, 36.00, 200.00, 32.00),
('P0000012', 95.00, 19.00, 29.00, 80.00, 22.00),
('P0000013', 130.00, 27.00, 42.00, 250.00, 34.00),
('P0000014', 100.00, 20.00, 30.00, 150.00, 25.00),
('P0000015', 110.00, 22.00, 34.00, 180.00, 29.00),
('P0000016', 140.00, 28.00, 45.00, 270.00, 40.00),
('P0000017', 120.00, 24.00, 35.00, 0.00, 27.00),
('P0000018', 125.00, 25.00, 38.00, 150.00, 31.00),
('P0000019', 135.00, 27.50, 40.00, 200.00, 36.00),
('P0000020', 100.00, 20.00, 30.00, 150.00, 25.00),
('P0000021', 115.00, 23.00, 33.00, 220.00, 29.00),
('P0000022', 120.00, 24.00, 37.00, 180.00, 30.00),
('P0000023', 90.00, 18.00, 28.00, 0.00, 22.00),
('P0000024', 95.00, 19.00, 29.00, 100.00, 23.00),
('P0000025', 150.00, 30.00, 45.00, 250.00, 35.00),
('P0000026', 130.00, 26.00, 42.00, 200.00, 34.00),
('P0000027', 110.00, 22.00, 36.00, 180.00, 29.00),
('P0000028', 125.00, 25.00, 40.00, 150.00, 32.00),
('P0000029', 135.00, 27.00, 43.00, 220.00, 36.00),
('P0000030', 145.00, 29.00, 46.00, 250.00, 38.00),
('P0000031', 100.00, 20.00, 30.00, 0.00, 25.00),
('P0000032', 115.00, 23.00, 33.00, 200.00, 29.00),
('P0000033', 120.00, 24.00, 35.00, 180.00, 30.00),
('P0000034', 125.00, 25.00, 40.00, 150.00, 31.00),
('P0000035', 110.00, 22.00, 37.00, 220.00, 28.00),
('P0000036', 135.00, 27.00, 42.00, 200.00, 34.00),
('P0000037', 130.00, 26.00, 41.00, 250.00, 33.00),
('P0000038', 140.00, 28.00, 44.00, 270.00, 35.00),
('P0000039', 125.00, 25.00, 39.00, 0.00, 32.00),
('P0000040', 110.00, 22.00, 36.00, 150.00, 29.00),
('P0000041', 95.00, 19.00, 30.00, 100.00, 24.00),
('P0000042', 90.00, 18.00, 28.00, 50.00, 22.00),
('P0000043', 100.00, 20.00, 33.00, 200.00, 27.00),
('P0000044', 120.00, 24.00, 38.00, 150.00, 30.00),
('P0000045', 125.00, 25.00, 40.00, 180.00, 32.00),
('P0000046', 130.00, 26.00, 42.00, 250.00, 34.00),
('P0000047', 135.00, 27.00, 43.00, 270.00, 35.00),
('P0000048', 140.00, 28.00, 45.00, 300.00, 36.00),
('P0000049', 120.00, 24.00, 39.00, 200.00, 31.00),
('P0000050', 110.00, 22.00, 37.00, 180.00, 30.00);
